{
  "ArbiterStarPUF2": {
    "64bit_rand100k.csv": {
      "acc": {
        "train": 0,
        "val": 0,
        "test": 0
      }
    },
    "32bit_rand100k.csv": {
      "acc": {
        "train": 0.995187520980835,
        "val": 0.9713000059127808,
        "test": 0.9621999859809875
      }
    },
    "12bit_enumerate_4.csv": {
      "acc": {
        "train": 1.0,
        "val": 0.9707317352294922,
        "test": 0.9658536314964294
      }
    },
    "12bit_enumerate_3.csv": {
      "acc": {
        "train": 1.0,
        "val": 0.9512194991111755,
        "test": 0.9463414549827576
      }
    },
    "12bit_enumerate_9.csv": {
      "acc": {
        "train": 1.0,
        "val": 0.9609755873680115,
        "test": 0.9536585211753845
      }
    },
    "12bit_enumerate_8.csv": {
      "acc": {
        "train": 1.0,
        "val": 0.9853658676147461,
        "test": 0.9804878234863281
      }
    },
    "12bit_enumerate_5.csv": {
      "acc": {
        "train": 1.0,
        "val": 0.9365853667259216,
        "test": 0.9390243887901306
      }
    },
    "12bit_enumerate_6.csv": {
      "acc": {
        "train": 0.9990842342376709,
        "val": 0.9463414549827576,
        "test": 0.9536585211753845
      }
    },
    "12bit_enumerate_1.csv": {
      "acc": {
        "train": 0.9984737634658813,
        "val": 0.9439024329185486,
        "test": 0.9121951460838318
      }
    },
    "12bit_enumerate_7.csv": {
      "acc": {
        "train": 0.9996947646141052,
        "val": 0.9439024329185486,
        "test": 0.9341463446617126
      }
    },
    "12bit_enumerate_0.csv": {
      "acc": {
        "train": 1.0,
        "val": 0.9707317352294922,
        "test": 0.9682926535606384
      }
    },
    "12bit_enumerate_2.csv": {
      "acc": {
        "train": 1.0,
        "val": 0.9390243887901306,
        "test": 0.9268292784690857
      }
    }
  },
  "SwitchableStarPUF": {
    "64bit_rand100k.csv": {
      "acc": {
        "train": 0.9559749960899353,
        "val": 0.41370001435279846,
        "test": 0.3458000123500824
      }
    },
    "32bit_rand100k.csv": {
      "acc": {
        "train": 0.9877125024795532,
        "val": 0.8798999786376953,
        "test": 0.8773999810218811
      }
    },
    "12bit_enumerate_4.csv": {
      "acc": {
        "train": 0.9996947646141052,
        "val": 0.787804901599884,
        "test": 0.7658536434173584
      }
    },
    "12bit_enumerate_3.csv": {
      "acc": {
        "train": 1.0,
        "val": 0.8341463208198547,
        "test": 0.8292682766914368
      }
    },
    "12bit_enumerate_9.csv": {
      "acc": {
        "train": 0.9993894696235657,
        "val": 0.8073170781135559,
        "test": 0.8073170781135559
      }
    },
    "12bit_enumerate_8.csv": {
      "acc": {
        "train": 1.0,
        "val": 0.79756098985672,
        "test": 0.800000011920929
      }
    },
    "12bit_enumerate_5.csv": {
      "acc": {
        "train": 0.9987789988517761,
        "val": 0.9463414549827576,
        "test": 0.9414634108543396
      }
    },
    "12bit_enumerate_6.csv": {
      "acc": {
        "train": 0.9969474673271179,
        "val": 0.8121951222419739,
        "test": 0.79756098985672
      }
    },
    "12bit_enumerate_1.csv": {
      "acc": {
        "train": 1.0,
        "val": 0.7390244007110596,
        "test": 0.7243902683258057
      }
    },
    "12bit_enumerate_7.csv": {
      "acc": {
        "train": 0.9990842342376709,
        "val": 0.8024390339851379,
        "test": 0.792682945728302
      }
    },
    "12bit_enumerate_0.csv": {
      "acc": {
        "train": 1.0,
        "val": 0.8731707334518433,
        "test": 0.8609756231307983
      }
    },
    "12bit_enumerate_2.csv": {
      "acc": {
        "train": 0.9984737634658813,
        "val": 0.7804877758026123,
        "test": 0.7731707096099854
      }
    }
  }
}